"metadata","mean","st.dev","ci_95_lower","ci_95_upper"
"A_minus_T",0.0208314941981691,0.0572016800448365,0.0190600632726744,0.0226029251236639
"G_minus_C",0.00848803151549961,0.0445125389315197,0.00710955997456277,0.00986650305643644
"AT_skew",0.0366804543839593,0.104118549039008,0.0334560942333349,0.0399048145345837
"GC_skew",0.0226185289034815,0.0966648218673961,0.0196249969874761,0.0256120608194868
"AT_ratio",1.10126310122292,0.2373795361622,1.09391189316211,1.10861430928373
"GC_ratio",1.06683733720804,0.211532232705236,1.06028657264205,1.07338810177404
