MAXMEAN,MAXSD
1.1087887,0.6904332
