MUT,MEAN,MEDIAN,SD
AC|TG,0.1983591,0.1753749,0.0988559
AG|TC,0.7525748,0.5728367,0.6730580
AT|TA,0.2118832,0.1859880,0.1194529
CA|GT,0.3219741,0.2552653,0.3780238
CG|GC,0.2725904,0.2409685,0.1436696
CT|GA,1.1087887,1.0002825,0.6904332
