MUT,MEAN,MEDIAN,SD
AC,0.1981535,0.1808694,0.09995104
TG,0.1986606,0.167992,0.09763615
AG,0.679315,0.5497126,0.5530044
TC,0.875217,0.6137478,0.82421807
AT,0.2096287,0.1836181,0.11147986
TA,0.2155814,0.1919679,0.13192342
CA,0.3711137,0.2709406,0.5046196
GT,0.2694161,0.2397977,0.13850362
CG,0.303649,0.2615249,0.15826351
GC,0.2381437,0.2236485,0.1168831
CT,1.1734557,1.0516667,0.8937756
GA,1.0441217,0.9698443,0.38718788
