MUT,H.sapiens,A.thaliana,C.elegans,D.melanogaster,E.coli,S.cerevisiae,P.luminescens ATCC29999,T.turnerae,M.smegmatis,P.fluorescens ATCC948,R.toruloides,M.m.domesticus,D.pulex,P.pacificus,D.magna,P.troglodytes,A.nancymaae
AG|TC,0.221,0.118,0.105,0.19,0.162,0.103,0.073583517,0.222088111,0.247924081,0.479,0.322751323,0.134443931,0.095285657,0.105,0.179208936,0.210526316,0.212014134
CT|GA,0.408,0.588,0.205,0.305,0.317,0.286,0.429727741,0.098974049,0.205219454,0.013,0.084656085,0.506519844,0.349580503,0.258,0.413382348,0.473684211,0.342756184
AT|TA,0.067,0.059,0.22,0.121,0.195,0.06,0.010301692,0.091128546,0.016607355,0.003,0.042328042,0.073904195,0.064123052,0.173,0.204305256,0.038277512,0.123674912
CA|GT,0.11,0.094,0.281,0.155,0.115,0.312,0.328918322,0.494266747,0.358244365,0.496,0.325396825,0.160904762,0.419496604,0.344,0.084602877,0.124401914,0.077738516
AC|TG,0.078,0.071,0.113,0.115,0.155,0.057,0,0.050090525,0.116251483,0.003,0.126984127,0.056266995,0.031162605,0.046,0.089604468,0.066985646,0.067137809
CG|GC,0.125,0.071,0.077,0.115,0.056,0.182,0.157468727,0.043452022,0.055753262,0.006,0.097883598,0.067960273,0.040351578,0.078,0.028896115,0.086124402,0.056537102