"MUT","H.sapiens","A.thaliana","C.elegans","D.melanogaster","E.coli","S.cerevisiae","P.luminescens.ATCC29999","T.turnerae","M.smegmatis","P.fluorescens.ATCC948","R.toruloides","M.m.domesticus","D.pulex","P.pacificus","D.magna","P.troglodytes","A.nancymaae"
"AC|TG",0.078,0.200976884530546,0.319864619041573,0.325525939732574,0.4387523535526,0.161347639693537,0,0.141789262802809,0.329068463033742,0.00849198103650194,0.359448932806918,0.159272751506983,0.0882107502360002,0.13021037589303,0.253639814347282,0.189613611849944,0.190044333620096
"AG|TC",0.221,0.334017920769076,0.297219336277568,0.537825465645123,0.458566975971105,0.291558015586567,0.208289943654373,0.628656009014846,0.70178886478139,1.35588630549481,0.913599371473971,0.380565104174925,0.269721330764876,0.297219336277568,0.507279628694563,0.595928494385538,0.60014000179946
"AT|TA",0.067,0.167008960384538,0.622745276010142,0.342509901805578,0.551978767372626,0.169839620730039,0.0291605910359612,0.257953961505332,0.0470097812421519,0.00849198103650194,0.119816309992086,0.209197674152647,0.181510580528876,0.489704239771612,0.578318786536558,0.108350635342825,0.350081669131682
"CA|GT",0.11,0.266082072477061,0.795415557085682,0.4387523535526,0.325525939732574,0.883166027796201,0.931056050994013,1.3991012808325,1.01406811800456,1.40400753136832,0.921087889079313,0.455466729195619,1.18745240201499,0.973747158852222,0.239482009039169,0.352139564864182,0.220051334559267
"CG|GC",0.125,0.200976884530546,0.21796084660355,0.325525939732574,0.158516979348036,0.515180182881118,0.445740481175367,0.122997915607222,0.157818547875708,0.0169839620730039,0.277075219333526,0.192372449850498,0.114221611722976,0.22079150694905,0.0817950868695264,0.243788929521357,0.160037332680925
"CT|GA",0.408,1.66442828315438,0.580285370827632,0.863351405377697,0.897319329523705,0.809568858813185,1.21641327581027,0.280161915737938,0.580906570563094,0.0367985844915084,0.239632622814832,1.43378563661997,0.98954366740227,0.730310369139167,1.17014502001355,1.34083911236746,0.970226338223923
